username,password,first_name,last_name,email,pickup_address,pickup_city,pickup_state
panderson,,Anderson,Pamela,panderson@gmail.com,31340 Mulholland Dr.,Beverly Hills,CA
uandress,,Andress,Ursula,uandress@gmail.com,1740 Clearview Dr.,Beverly Hills,CA
jandrews,,Andrews,Julie,jandrews@gmail.com,345 Chadbourne Ave ,Beverly Hills,CA
panka,,Anka,Paul,panka@gmail.com,12078 Summit Cr,Beverly Hills,CA
tarnold,,Arnold,Tom,tarnold@gmail.com,14046 Aubrey Rd ,Beverly Hills,CA
fastaire,,Astaire,Fred,fastaire@gmail.com,1155 San Ysidro Dr. ,Beverly Hills,CA
tbara,,Bara,Theda,tbara@gmail.com,632 Alpine Dr. ,Beverly Hills,CA
cbaker,,Baker,Carroll,cbaker@gmail.com,701 Foothill Rd ,Beverly Hills,CA
lball,,Ball,Lucille,lball@gmail.com,1000 N.Roxbury Dr. ,Beverly Hills,CA
abancroft,,Bancroft,Ann,abancroft@gmail.com,915 Foothill Rd ,Beverly Hills,CA
rbarr,,Barr,Roseanne,rbarr@gmail.com,2570 Benedict Canyon Dr ,Beverly Hills,CA
gbarry,,Barry,Gene,gbarry@gmail.com,809 Whittier Dr ,Beverly Hills,CA
lbarrymore,,Barrymore,Lional,lbarrymore@gmail.com,802 Roxbury Dr. ,Beverly Hills,CA
wbeatty,,Beatty,Warren,wbeatty@gmail.com,13671 Mulholland Dr. ,Beverly Hills,CA
jbenny,,Benny,Jack,jbenny@gmail.com,1002 N.Roxbury Dr. ,Beverly Hills,CA
mberle,,Berle,Milton,mberle@gmail.com,908 Cresent Dr ,Beverly Hills,CA
ibergman,,Bergman,Ingrid,ibergman@gmail.com,1220 Benedict Canyon Rd,Beverly Hills,CA
jbishop,,Bishop,Joey,jbishop@gmail.com,1025 Chevy Chase Dr. ,Beverly Hills,CA
jbisset,,Bisset,Jacqueline,jbisset@gmail.com,1815 Benedict Canyon Dr.,Beverly Hills,CA
jblair,,Blair,Janet,jblair@gmail.com,619 Linden Dr. ,Beverly Hills,CA
hbogart,,Bogart,Humphrey,hbogart@gmail.com,232 Mapleton Dr. ,Beverly Hills,CA
rbolger,,Bolger,Ray,rbolger@gmail.com,618 Beverly Dr. ,Beverly Hills,CA
wbond,,Bond,Ward,wbond@gmail.com,9510 Cherokee Lane. ,Beverly Hills,CA
pboone,,Boone,Pat,pboone@gmail.com,904 N.Beverly Drive ,Beverly Hills,CA
eborgine,,Borgine,Ernest,eborgine@gmail.com,3055 Lake Glen Dr.,Beverly Hills,CA
cbow,,Bow,Clara,cbow@gmail.com,512 N.Bedford Dr.,Beverly Hills,CA
cboyer,,Boyer,Charles,cboyer@gmail.com,802 Linden Dr. ,Beverly Hills,CA
mbrando,,Brando,Marlon,mbrando@gmail.com,12900 Mulholland Dr. ,Beverly Hills,CA
fbrice,,Brice,Fanny,fbrice@gmail.com,312 N.Faring Rd. ,Beverly Hills,CA
bbridges,,Bridges,Beau,bbridges@gmail.com,2770 Hutton Dr. ,Beverly Hills,CA
gburns,,Burns,George,gburns@gmail.com,720 N.Maple Dr. ,Beverly Hills,CA
jcaan,,Caan,James,jcaan@gmail.com,1435 Stone Canyon Rd,Beverly Hills,CA
scaesar,,Caesar,Sid,scaesar@gmail.com,1910 Lomavista Dr. ,Beverly Hills,CA
jcagney,,Cagney,James,jcagney@gmail.com,2069 Coldwater Canyon Rd.,Beverly Hills,CA
rcalhoun,,Calhoun,Rory,rcalhoun@gmail.com,901 Bedford Dr. ,Beverly Hills,CA
bcarlisle,,Carlisle,Belinda,bcarlisle@gmail.com,1843 Benedict Canyon Rd.,Beverly Hills,CA
vcarr,,Carr,Vicky,vcarr@gmail.com,2289 Betty Lane ,Beverly Hills,CA
lcarter,,Carter,Linda,lcarter@gmail.com,3114 Abington Dr.,Beverly Hills,CA
rcharles,,Charles,Ray,rcharles@gmail.com,349 S.Linden Dr.,Beverly Hills,CA
cchaplin,,Chaplin,Charles,cchaplin@gmail.com,1085 Summit Dr.,Beverly Hills,CA
ccharisse,,Charisse,Cyd,ccharisse@gmail.com,11114 Calle Vista Dr.,Beverly Hills,CA
rclooney,,Clooney,Rosemary,rclooney@gmail.com,1019 N.Roxbury Dr. ,Beverly Hills,CA
gclooney,,Clooney,George,gclooney@gmail.com,151 El Camino ,Beverly Hills,CA
jcoburn,,Coburn,James,jcoburn@gmail.com,1601 Schuyler Rd ,Beverly Hills,CA
rcoleman,,Coleman,Ronald,rcoleman@gmail.com,1002 Summit Dr.,Beverly Hills,CA
jcollins,,Collins,Joan,jcollins@gmail.com,2220 Bowmont Dr. ,Beverly Hills,CA
bcrosby,,Crosby,Bing,bcrosby@gmail.com,594 S.Mapleton Dr. ,Beverly Hills,CA
rcummings,,Cummings,Robert,rcummings@gmail.com,1060 Laurel Way ,Beverly Hills,CA
sdavis,,Davis,Sammy Jr,sdavis@gmail.com,1151 Summit Dr. ,Beverly Hills,CA
dday,,Day,Doris,dday@gmail.com,713 Crescent Dr. ,Beverly Hills,CA
ndiamond,,Diamond,Neil,ndiamond@gmail.com,904 Glenway ,Beverly Hills,CA
adickinson,,Dickinson,Angie,adickinson@gmail.com,1715 Carla Ridge ,Beverly Hills,CA
mdietrich,,Dietrich,Marlene,mdietrich@gmail.com,822 Rexford Drive ,Beverly Hills,CA
wdisney,,Disney,Walt,wdisney@gmail.com,355 Carolwood Dr. ,Beverly Hills,CA
sdoherty,,Doherty,Shannen,sdoherty@gmail.com,1654 Doheny Dr. ,Beverly Hills,CA
fdunaway,,Dunaway,Faye,fdunaway@gmail.com,1435 Lindacrest Dr. ,Beverly Hills,CA
jdurante,,Durante,Jimmy,jdurante@gmail.com,511 Beverly Dr. ,Beverly Hills,CA
dduryea,,Duryea,Dan,dduryea@gmail.com,7621 Mulholland Dr. ,Beverly Hills,CA
segger,,Egger,Samantha,segger@gmail.com,706 N.Maple Dr.,Beverly Hills,CA
levans,,Evans,Linda,levans@gmail.com,9115 Hazen Drive ,Beverly Hills,CA
pfalk,,Falk,Peter,pfalk@gmail.com,1004 N.Roxbury Dr.,Beverly Hills,CA
mfarrow,,Farrow,Mia,mfarrow@gmail.com,809 N.Roxbury Dr.,Beverly Hills,CA
ffawcett,,Fawcett,Farrah,ffawcett@gmail.com,9507 Heather Rd ,Beverly Hills,CA
cfisher,,Fisher,Carrie,cfisher@gmail.com,1700 Coldwater Canyon Rd.,Beverly Hills,CA
efisher,,Fisher,Eddy,efisher@gmail.com,1328 Beverly Est Drive.,Beverly Hills,CA
efitzgerald,,Fitzgerald,Ella,efitzgerald@gmail.com,908 N.Whittier Dr. ,Beverly Hills,CA
hfleiss,,Fleiss,Heidi,hfleiss@gmail.com,1270 Tower Grove Dr.,Beverly Hills,CA
eflynn,,Flynn,Errol,eflynn@gmail.com,7740 Mulholland Dr. ,Beverly Hills,CA
pfonda,,Fonda,Peter,pfonda@gmail.com,2179 Linda Flora Dr.,Beverly Hills,CA
gford,,Ford,Glen,gford@gmail.com,911 Oxford Way ,Beverly Hills,CA
pframpton,,Frampton,Peter,pframpton@gmail.com,662 Stone Canyon Rd.,Beverly Hills,CA
mgaynor,,Gaynor,Mitzi,mgaynor@gmail.com,610 Arden Dr. ,Beverly Hills,CA
ggershwin,,Gershwin,George,ggershwin@gmail.com,1019 N.Roxbury Dr. ,Beverly Hills,CA
igershwin,,Gershwin,Ira,igershwin@gmail.com,1021 N.Roxbury Dr ,Beverly Hills,CA
jgilbert,,Gilbert,John,jgilbert@gmail.com,1400 Tower Grove Dr.,Beverly Hills,CA
bgrable,,Grable,Betty,bgrable@gmail.com,1008 Beverly Dr. ,Beverly Hills,CA
sgrainger,,Grainger,Stewart,sgrainger@gmail.com,728 Linda Flora Dr.,Beverly Hills,CA
cgrant,,Grant,Cary,cgrant@gmail.com,10615 Bellagio Rd ,Beverly Hills,CA
mgriffin,,Griffin,Merv,mgriffin@gmail.com,603 N.Doheny Dr. ,Beverly Hills,CA
mgriffith,,Griffith,Melanie,mgriffith@gmail.com,9555 Heather Rd ,Beverly Hills,CA
ghackman,,Hackman,Gene,ghackman@gmail.com,9901 Copley Dr. ,Beverly Hills,CA
jhaley,,Haley,Jack,jhaley@gmail.com,1001 Beverly Br. ,Beverly Hills,CA
ghamilton,,Hamilton,George,ghamilton@gmail.com,1113 Tower Rd ,Beverly Hills,CA
ohardy,,Hardy,Oliver,ohardy@gmail.com,621 Alta Dr. ,Beverly Hills,CA
jharlow,,Harlow,Jean,jharlow@gmail.com,512 N.Palm Dr.,Beverly Hills,CA
mharmon,,Harmon,Mark,mharmon@gmail.com,2045 Maneville Canyon. ,Beverly Hills,CA
rharrison,,Harrison,Rex,rharrison@gmail.com,1106 San Ysidro Dr.,Beverly Hills,CA
lharvey,,Harvey,Laurence,lharvey@gmail.com,1000 Cresent drive ,Beverly Hills,CA
rhayworth,,Hayworth,Rita,rhayworth@gmail.com,512 N.Palm Dr. ,Beverly Hills,CA
cheston,,Heston,Charlton,cheston@gmail.com,2859 Coldwater Canyon Rd,Beverly Hills,CA
phogan,,Hogan,Paul,phogan@gmail.com,12400 Mulholland Dr. ,Beverly Hills,CA
wholden,,Holden,William,wholden@gmail.com,606 N.Linden Dr. ,Beverly Hills,CA
lhoward,,Howard,Leslie,lhoward@gmail.com,606 Camden Drive ,Beverly Hills,CA
rhudson,,Hudson,Rock,rhudson@gmail.com,9402 Beverly Crest. ,Beverly Hills,CA
ehumperdinck,,Humperdinck,Englebert,ehumperdinck@gmail.com,10100 Sunset Blvd. ,Beverly Hills,CA
jjackson,,Jackson,Janet,jjackson@gmail.com,338 N.Foothill Rd. ,Beverly Hills,CA
djohnson,,Johnson,Don,djohnson@gmail.com,9555 Heather Rd ,Beverly Hills,CA
vjohnson,,Johnson,Van,vjohnson@gmail.com,703 Beverly Drive ,Beverly Hills,CA
sjones,,Jones,Spike,sjones@gmail.com,708 N.Oakhurst Dr. ,Beverly Hills,CA
bkarloff,,Karloff,Boris,bkarloff@gmail.com,629 Rexford Dr. ,Beverly Hills,CA
dkay,,Kay,Danny,dkay@gmail.com,1103 San Ysidro Dr.,Beverly Hills,CA
bkeaton,,Keaton,Buster,bkeaton@gmail.com,1018 Pamela Drive. ,Beverly Hills,CA
gkelly,,Kelly,Gene,gkelly@gmail.com,725 N.Rodeo Drive.,Beverly Hills,CA
jkern,,Kern,Jerome,jkern@gmail.com,917 Whittier Drive ,Beverly Hills,CA
dlamour,,Lamour,Dorothy,dlamour@gmail.com,1375 N.Doheny Dr. ,Beverly Hills,CA
jlandis,,Landis,John,jlandis@gmail.com,9402 Beverly Crest Dr.,Beverly Hills,CA
grlee,,Lee,Gypsy Rose,grlee@gmail.com,1240 Cerrocrest Dr. ,Beverly Hills,CA
plee,,Lee,Peggy,plee@gmail.com,603 Canon Dr. ,Beverly Hills,CA
jleigh,,Leigh,Janet,jleigh@gmail.com,1625 Summit Ridge Dr.,Beverly Hills,CA
jlemmon,,Lemmon,Jack,jlemmon@gmail.com,1143 Tower Rd ,Beverly Hills,CA
jleno,,Leno,Jay,jleno@gmail.com,1151 Tower Rd ,Beverly Hills,CA
olevant,,Levant,Oscar,olevant@gmail.com,905 N.Roxbury Dr. ,Beverly Hills,CA
hlloyd,,Lloyd,Harold,hlloyd@gmail.com,1740 Green Acres Dr.,Beverly Hills,CA
madonna,,,Madonna,madonna@gmail.com,6342 Mulholland Dr. ,Beverly Hills,CA
dmalone,,Malone,Dorothy,dmalone@gmail.com,707 Linden Dr. ,Beverly Hills,CA
hmancini,,Mancini,Henry,hmancini@gmail.com,216 S.Mapleton Dr.,Beverly Hills,CA
amargaret,,Margaret,Ann,amargaret@gmail.com,2707 Benedict Canyon Rd.,Beverly Hills,CA
dmartin,,Martin,Dean,dmartin@gmail.com,2002 Loma Vista Dr.,Beverly Hills,CA
gmarx,,Marx,Groucho,gmarx@gmail.com,1083 N.Hillcrest Rd. ,Beverly Hills,CA
rmassey,,Massey,Raymond,rmassey@gmail.com,913 Beverly Dr. ,Beverly Hills,CA
bmidlar,,Midlar,Bette,bmidlar@gmail.com,9481 Readcrest Dr.,Beverly Hills,CA
dmills,,Mills,Donna,dmills@gmail.com,2660 Benedict Canyon Rd.,Beverly Hills,CA
tmix,,Mix,Tom,tmix@gmail.com,1018 Summit Dr.,Beverly Hills,CA
rmurdoch,,Murdoch,Rupert,rmurdoch@gmail.com,1330 Angelo Dr.,Beverly Hills,CA
emurphy,,Murphy,Eddie,emurphy@gmail.com,2727 Benedict Canyon Rd.,Beverly Hills,CA
pnewman,,Newman,Paul,pnewman@gmail.com,907 Whittier Dr.,Beverly Hills,CA
jnicholson,,Nicholson,Jack,jnicholson@gmail.com,12858 Mulholland Dr.,Beverly Hills,CA
mosullivan,,O'Sullivan,Maureen,mosullivan@gmail.com,809 N.Roxbury Dr.,Beverly Hills,CA
oosbourne,,Osbourne,Ozzy,oosbourne@gmail.com,513 Doheny Rd ,Beverly Hills,CA
ppage,,Page,Patti,ppage@gmail.com,603 Canon Dr. ,Beverly Hills,CA
dpaget,,Paget,Debra,dpaget@gmail.com,805 Crescent Dr.,Beverly Hills,CA
jpalance,,Palance,Jack,jpalance@gmail.com,1006 Hartford way ,Beverly Hills,CA
gpeppard,,Peppard,George,gpeppard@gmail.com,1643 Linda Crest Dr.,Beverly Hills,CA
splushette,,Plushette,Susan,splushette@gmail.com,11234 Westerly Dr. ,Beverly Hills,CA
spoitier,,Poitier,Sidney,spoitier@gmail.com,9255 Doheny Rd ,Beverly Hills,CA
dpowell,,Powell,Dick,dpowell@gmail.com,608 Alpine Dr.,Beverly Hills,CA
spowers,,Powers,Stephanie,spowers@gmail.com,2661 Hutton Dr.,Beverly Hills,CA
pprentiss,,Prentiss,Paula,pprentiss@gmail.com,719 Foothill Rd ,Beverly Hills,CA
ppresley,,Presley,Priscilla,ppresley@gmail.com,1167 Summit Dr.,Beverly Hills,CA
jprowse,,Prowse,Juliet,jprowse@gmail.com,1136 Tower Rd.,Beverly Hills,CA
dreed,,Reed,Donna,dreed@gmail.com,929 Alpine Dr.,Beverly Hills,CA
greeves,,Reeves,George,greeves@gmail.com,1579 Benedict Canyon Dr.,Beverly Hills,CA
creiner,,Reiner,Carl,creiner@gmail.com,714 N.Rodeo Dr.,Beverly Hills,CA
erobinson,,Robinson,Edward,erobinson@gmail.com,G 910 Rexford Drive,Beverly Hills,CA
srobinson,,Robinson,Smokey,srobinson@gmail.com,631 N.Oakhurst Dr.,Beverly Hills,CA
wrogers,,Rogers,Wayne,wrogers@gmail.com,916 Beverly Dr.,Beverly Hills,CA
mrooney,,Rooney,Mickey,mrooney@gmail.com,919 N.Rexford Dr. ,Beverly Hills,CA
dross,,Ross,Diana,dross@gmail.com,701 N.Maple Dr.,Beverly Hills,CA
brush,,Rush,Barbara,brush@gmail.com,607 N.Maple Dr.,Beverly Hills,CA
gsegal,,Segal,George,gsegal@gmail.com,841 Greenway Dr. ,Beverly Hills,CA
dselznick,,Selznick,David,dselznick@gmail.com,1050 Summit Drive ,Beverly Hills,CA
ashaw,,Shaw,Artie,ashaw@gmail.com,906 Bedford Dr.,Beverly Hills,CA
dshore,,Shore,Dinah,dshore@gmail.com,916 Oxford Way ,Beverly Hills,CA
bsiegel,,Siegel,Bugsy,bsiegel@gmail.com,810 Linden Dr. ,Beverly Hills,CA
psilvers,,Silvers,Phil,psilvers@gmail.com,717 Alpine Dr.,Beverly Hills,CA
fsinatra,,Sinatra,Frank,fsinatra@gmail.com,915 N.Foothill Rd.,Beverly Hills,CA
bspringsteen,,Springsteen,Bruce,bspringsteen@gmail.com,1 Tower Lane ,Beverly Hills,CA
sstallone,,Stallone,Sylvester,sstallone@gmail.com,1121 Beverly Dr.,Beverly Hills,CA
bstanwyck,,Stanwyck,Barbara,bstanwyck@gmail.com,718 N.Hillcrest Dr.,Beverly Hills,CA
jstewart,,Stewart,James,jstewart@gmail.com,918 N.Roxbury Dr.,Beverly Hills,CA
rstewart,,Stewart,Rod,rstewart@gmail.com,28 Beverly Park Terr ,Beverly Hills,CA
gswanson,,Swanson,Gloria,gswanson@gmail.com,904 N.Crescent Dr. ,Beverly Hills,CA
state,,Tate,Sharon,state@gmail.com,10050 Cielo Dr.,Beverly Hills,CA
mtorme,,Torme,Mel,mtorme@gmail.com,1734 Coldwater Canyon Dr.,Beverly Hills,CA
lturner,,Turner,Lana,lturner@gmail.com,730 N.Bedford Dr.,Beverly Hills,CA
lvandross,,Vandross,Luther,lvandross@gmail.com,1414 Sea Bright Place,Beverly Hills,CA
jwarner,,Warner,Jack,jwarner@gmail.com,1801 Angelo Dr.,Beverly Hills,CA
awilliams,,Williams,Andy,awilliams@gmail.com,157 Delfern Rd ,Beverly Hills,CA
ewilliams,,Williams,Esther,ewilliams@gmail.com,9377 Read Crest ,Beverly Hills,CA
bwilson,,Wilson,Brian,bwilson@gmail.com,14042 Aubrey Rd ,Beverly Hills,CA
swinters,,Winters,Shelley,swinters@gmail.com,457 N.Oak Hurst Drive,Beverly Hills,CA
jwoods,,Woods,James,jwoods@gmail.com,1520 Gilcrest Dr.,Beverly Hills,CA
ryoung,,Young,Robert,ryoung@gmail.com,607 N.Elm Dr.,Beverly Hills,CA
pzadora,,Zadora,Pia,pzadora@gmail.com,1143 Summit Dr.,Beverly Hills,CA
lbacall,,Bacall,Lauren,lbacall@gmail.com,232 Mapleton Dr.,Bel Air,CA
jbackus,,Backus,Jim,jbackus@gmail.com,10941 Bellagio Rd,Bel Air,CA
sbono,,Bono,Sonny,sbono@gmail.com,364 St.Cloud Rd,Bel Air,CA
lbridges,,Bridges,Lloyd,lbridges@gmail.com,225 Loring Ave.,Bel Air,CA
rbuttons,,Buttons,Red,rbuttons@gmail.com,778 Tortuoso Way.,Bel Air,CA
ncage,,Cage,Nicholas,ncage@gmail.com,363 Copa De Oro Rd.,Bel Air,CA
mcaine,,Caine,Michael,mcaine@gmail.com,1309 Davies Dr.,Bel Air,CA
jchandler,,Chandler,Jeff,jchandler@gmail.com,1152 San Ysidro Dr.,Bel Air,CA
rconte,,Conte,Richard,rconte@gmail.com,1119 San Ysidro Dr.,Bel Air,CA
gcooper,,Cooper,Gary,gcooper@gmail.com,200 N.Baroda Dr.,Bel Air,CA
tcurtis,,Curtis,Tony,tcurtis@gmail.com,11831 Folkstone Lane,Bel Air,CA
ceastwood,,Eastwood,Clint,ceastwood@gmail.com,846 Stradella Rd.,Bel Air,CA
bekland,,Ekland,Britt,bekland@gmail.com,800 Stone Canyon Rd.,Bel Air,CA
rfleming,,Fleming,Rhonda,rfleming@gmail.com,901 Strada Vecchia Rd.,Bel Air,CA
hfonda,,Fonda,Henry,hfonda@gmail.com,10744 Chalon Rd,Bel Air,CA
jforsythe,,Forsythe,John,jforsythe@gmail.com,11560 Bellagio Rd,Bel Air,CA
zgabor,,Gabor,Zsa,zgabor@gmail.com,1001 Bel Air Rd,Bel Air,CA
jgarland,,Garland,Judy,jgarland@gmail.com,924 Bel Air Rd,Bel Air,CA
ggarson,,Garson,Greer,ggarson@gmail.com,680 Stone Canyon Rd,Bel Air,CA
hhefner,,Hefner,Hugh,hhefner@gmail.com,10236 Charing Cross Rd,Bel Air,CA
ahitchcock,,Hitchcock,Alfred,ahitchcock@gmail.com,10957 Bellagio Rd.,Bel Air,CA
hhughes,,Hughes,Howard,hhughes@gmail.com,1001 Bel Air Rd,Bel Air,CA
hhunt,,Hunt,Helen,hhunt@gmail.com,345 St.Pierre Rd.,Bel Air,CA
tjones,,Jones,Tom,tjones@gmail.com,363 Copa De Oro Rd,Bel Air,CA
qjones,,Jones,Quincy,qjones@gmail.com,1000 Bel Air Rd,Bel Air,CA
mlanza,,Lanza,Mario,mlanza@gmail.com,355 St.Cloud Rd.,Bel Air,CA
jlewis,,Lewis,Jerry,jlewis@gmail.com,322 St.Cloud Rd.,Bel Air,CA
clombard,,Lombard,Carole,clombard@gmail.com,609 St.Cloud Rd,Bel Air,CA
jmacdonald,,MacDonald,Jeanette,jmacdonald@gmail.com,783 Bel Air Rd,Bel Air,CA
bmanilow,,Manilow,Barry,bmanilow@gmail.com,802 Tortuoso Way.,Bel Air,CA
qmartin,,Martin,Quinn,qmartin@gmail.com,621 Stone Canyon Rd,Bel Air,CA
smartin,,Martin,Steve,smartin@gmail.com,1005 Beverly Glen.,Bel Air,CA
lmayer,,Mayer,Louis,lmayer@gmail.com,322 St. Cloud Rd,Bel Air,CA
rmilland,,Milland,Ray,rmilland@gmail.com,10664 Bellagio Rd,Bel Air,CA
rmitcham,,Mitcham,Robert,rmitcham@gmail.com,268 St.Pierre Rd,Bel Air,CA
bnewhart,,Newhart,Bob,bnewhart@gmail.com,420 Amapola Lane,Bel Air,CA
knovak,,Novak,Kim,knovak@gmail.com,780 Tortuoso Way,Bel Air,CA
mohara,,O'Hara,Maureen,mohara@gmail.com,10677 Somma Way,Bel Air,CA
gpeck,,Peck,Gregory,gpeck@gmail.com,375 N.Carolwood Dr.,Bel Air,CA
wpidgeon,,Pidgeon,Walter,wpidgeon@gmail.com,230 Strada Corta Rd,Bel Air,CA
epresley,,Presley,Elvis,epresley@gmail.com,144 Monovale Dr.,Bel Air,CA
aquinn,,Quinn,Anthony,aquinn@gmail.com,355 St.Cloud Rd.,Bel Air,CA
rreegan,,Reegan,Ronald,rreegan@gmail.com,668 St.Cloud Rd.,Bel Air,CA
lritchie,,Ritchie,Lionel,lritchie@gmail.com,605 Funchal Rd.,Bel Air,CA
tsavalas,,Savalas,Telly,tsavalas@gmail.com,209 Copa De Ora Rd,Bel Air,CA
jsimmons,,Simmons,Jean,jsimmons@gmail.com,10281 Charing Cross Rd,Bel Air,CA
rskelton,,Skelton,Red,rskelton@gmail.com,801 Sarbonne Rd.,Bel Air,CA
jsmith,,Smith,Jaclyn,jsmith@gmail.com,773 Stradella Rd,Bel Air,CA
dsoul,,Soul,David,dsoul@gmail.com,863 N.Beverly Glen,Bel Air,CA
aspelling,,Spelling,Aaron,aspelling@gmail.com,594 S.Mapleton Dr.,Bel Air,CA
rstack,,Stack,Robert,rstack@gmail.com,321 St.Pierre Rd,Bel Air,CA
cstevens,,Stevens,Connie,cstevens@gmail.com,243 Delfern Dr.,Bel Air,CA
etaylor,,Taylor,Elizabeth,etaylor@gmail.com,700 Nimes Rd,Bel Air,CA
rtaylor,,Taylor,Rod,rtaylor@gmail.com,2375 Bowmont Dr.,Bel Air,CA
stracy,,Tracy,Spencer,stracy@gmail.com,1158 Tower Rd,Bel Air,CA
rvalentino,,Valentino,Rudolph,rvalentino@gmail.com,1436 Bella Drive,Bel Air,CA
rwagner,,Wagner,Robert,rwagner@gmail.com,1500 Old Oak Rd,Bel Air,CA
rwelch,,Welch,Racquel,rwelch@gmail.com,1152 San Ysidro Dr,Bel Air,CA
jlcurtis,,Curtis,Jamie Lee,jlcurtis@gmail.com,158 Chatsworth Ave,Santa Monica,CA
tdanson,,Danson,Ted,tdanson@gmail.com,719 Kingman Ave,Santa Monica,CA
jfonda,,Fonda,Jane,jfonda@gmail.com,153 Wandsworth Ave.,Santa Monica,CA
dhopper,,Hopper,Dennis,dhopper@gmail.com,330 Indiana Ave,Venice,CA
plawford,,Lawford,Peter,plawford@gmail.com,625 Beach Rd,Santa Monica,CA
dmoore,,Moore,Dudley,dmoore@gmail.com,5505 Ocean Front Walk,Venice,CA
jreinhold,,Reinhold,Judge,jreinhold@gmail.com,1341 Ocean Ave.,Santa Monica,CA
tselleck,,Selleck,Tom,tselleck@gmail.com,331 Sage Lane,Santa Monica,CA
halpert,,Alpert,Herb,halpert@gmail.com,31930 Pacific Coast Highway,Malibu,CA
jbridges,,Bridges,Jeff,jbridges@gmail.com,2882 Home Rd,Malibu,CA
cbronson,,Bronson,Charles,cbronson@gmail.com,3661 Cross Creek Rd,Malibu,CA
mbrooks,,Brooks,Mel,mbrooks@gmail.com,23868 Malibu Rd,Malibu,CA
pbrosnan,,Brosnan,Pierce,pbrosnan@gmail.com,31663 Broadbeach Way,Malibu,CA
gbusey,,Busey,Gary,gbusey@gmail.com,18424 Coastline Dr.,Malibu,CA
dcannon,,Cannon,Dyan,dcannon@gmail.com,98 Malibu Colony Rd,Malibu,CA
jcarson,,Carson,Johnny,jcarson@gmail.com,22240 Pacific Coast Highway,Malibu,CA
cher,,,Cher,cher@gmail.com,27422 Pacific Coast Highway,Malibu,CA
dclark,,Clark,Dick,dclark@gmail.com,27700 Pacific Coast Highway,Malibu,CA
jcollins2,,Collins,Jackie,jcollins2@gmail.com,26820 Malibu Colony Dr,Malibu,CA
rconrad,,Conrad,Robert,rconrad@gmail.com,21355 Pacific Coast Highway,Malibu,CA
bldern,,Dern,Bruce Laura,bldern@gmail.com,23430 Malibu Colony Dr,Malibu,CA
ddevito,,DeVito,Danny,ddevito@gmail.com,31020 Broad Beach Rd,Malibu,CA
rdowney,,Downey,Robert,rdowney@gmail.com,29169 Heathercliff Rd.,Malibu,CA
rduvall,,Duvall,Robert,rduvall@gmail.com,6238 Bonsall,Malibu,CA
bdylan,,Dylan,Bob,bdylan@gmail.com,29400 Bluewater Dr.,Malibu,CA
selliot,,Elliot,Sam,selliot@gmail.com,33050 Pacific Coast Highway,Malibu,CA
eestevez,,Estevez,Emilio,eestevez@gmail.com,31725 Sea Level Drive,Malibu,CA
sfield,,Field,Sally,sfield@gmail.com,3412 Cloudcroft Dr.,Malibu,CA
mgibson,,Gibson,Mel,mgibson@gmail.com,23353 Palm Canyon Lane,Malibu,CA
lgossett,,Gossett,Lou Jr,lgossett@gmail.com,5916 Bonsall Dr,Malibu,CA
lhagman,,Hagman,Larry,lhagman@gmail.com,23730 Malibu Col. Rd,Malibu,CA
thanks,,Hanks,Tom,thanks@gmail.com,23414 Malibu Colony Rd,Malibu,CA
ghawn,,Hawn,Goldie,ghawn@gmail.com,30804 Broad Beach Rd,Malibu,CA
dhemmings,,Hemmings,David,dhemmings@gmail.com,64 Malibu Col. Rd,Malibu,CA
dhoffman,,Hoffman,Dustin,dhoffman@gmail.com,31045 Broad Beach Rd,Malibu,CA
mjackson,,Jackson,Michael,mjackson@gmail.com,6983 Wildlife Rd.,Malibu,CA
jjones,,Jones,Jennifer,jjones@gmail.com,21336 Pacific Coast Highway,Malibu,CA
skeach,,Keach,Stacy,skeach@gmail.com,27425 Winding Way.,Malibu,CA
bkeith,,Keith,Brian,bkeith@gmail.com,23449 Malibu Colony Rd,Malibu,CA
kkristofferson,,Kristofferson,Kris,kkristofferson@gmail.com,3179 Sumacridge Rd.,Malibu,CA
mlandon,,Landon,Michael,mlandon@gmail.com,5920 Bonsali Drive,Malibu,CA
dletterman,,Letterman,David,dletterman@gmail.com,6731 Fernhill Dr.,Malibu,CA
rlowe,,Lowe,Rob,rlowe@gmail.com,5968 Dome Drive,Malibu,CA
amacgraw,,MacGraw,Ali,amacgraw@gmail.com,31108 Broad Beach Rd,Malibu,CA
smaclaine,,MacLaine,Shirley,smaclaine@gmail.com,25200 Old Malibu Rd,Malibu,CA
lmajors,,Majors,Lee,lmajors@gmail.com,23826 Malibu rd,Malibu,CA
wmatthau,,Matthau,Walter,wmatthau@gmail.com,30936 Broad Beach Rd,Malibu,CA
jmcenroe,,McEnroe,John,jmcenroe@gmail.com,23712 Malibu Colony Rd,Malibu,CA
bmeredith,,Meredith,Burgess,bmeredith@gmail.com,23736 Malibu Rd.,Malibu,CA
demoore,,Moore,Demi,demoore@gmail.com,22470 Pacific Coast Highway,Malibu,CA
bmurray,,Murray,Bill,bmurray@gmail.com,24228 Malibu Rd.,Malibu,CA
onewtonjohn,,Newton-John,Olivia,onewtonjohn@gmail.com,3655 McAnany Way.,Malibu,CA
nnolte,,Nolte,Nick,nnolte@gmail.com,6174 Bonsall Dr.,Malibu,CA
spenn,,Penn,Sean,spenn@gmail.com,22271 Carbon Mesa Rd,Malibu,CA
mpfeiffer,,Pfeiffer,Michelle,mpfeiffer@gmail.com,3930 Legion Lane,Malibu,CA
rredford,,Redford,Robert,rredford@gmail.com,3122 Broad Beach Rd,Malibu,CA
breynolds,,Reynolds,Burt,breynolds@gmail.com,22336 Pacific Coast Highway,Malibu,CA
lronstadt,,Ronstadt,Linda,lronstadt@gmail.com,38 Malibu Colony Rd,Malibu,CA
kross,,Ross,Katherine,kross@gmail.com,33050 Pacific Coast Highway,Malibu,CA
krussell,,Russell,Kirk,krussell@gmail.com,30804 Broad Beach Rd,Malibu,CA
gcscott,,Scott,George C,gcscott@gmail.com,3211 Retreat Ct,Malibu,CA
jseymour,,Seymour,Jane,jseymour@gmail.com,24800 Pacific Coast Highway,Malibu,CA
csheen,,Sheen,Charlie,csheen@gmail.com,23906 DeVille Way,Malibu,CA
msheen,,Sheen,Martin,msheen@gmail.com,6916 Dune Dr.,Malibu,CA
sting,,,Sting,sting@gmail.com,23730 Malibu Colony Rd.,Malibu,CA
bstreisland,,Streisland,Barbara,bstreisland@gmail.com,5750 Ramirez Canyon Rd,Malibu,CA
dvandyke,,Van Dyke,Dick,dvandyke@gmail.com,21215 Mariposa De Ora,Malibu,CA
jmvincent,,Vincent,Jan-Michael,jmvincent@gmail.com,31339 Pacific Coast Highway,Malibu,CA
dweaver,,Weaver,Dennis,dweaver@gmail.com,25006 Malibu Rd.,Malibu,CA
bwillis,,Willis,Bruce,bwillis@gmail.com,22470 Pacific Coast Highway,Malibu,CA
jarthur,,Arthur,Jean.,jarthur@gmail.com,13130 Boca de Canon Ln,Brentwood,CA
abanderas,,Banderas,Antonio.,abanderas@gmail.com,201 S.Rockingham Ave,Brentwood,CA
jcandy,,Candy,John,jcandy@gmail.com,1630 Mandeville Canyon.,Brentwood,CA
jcarry,,Carry,Jim,jcarry@gmail.com,615 Tigertail Rd.,Brentwood,CA
bcrawford,,Crawford,Broderick,bcrawford@gmail.com,183 Tigertail Rd,Brentwood,CA
jcrawford,,Crawford,Joan,jcrawford@gmail.com,426 N.Bristol Ave,Brentwood,CA
bdavis,,Davis,Bette,bdavis@gmail.com,301 N Rockingham Dr,Brentwood,CA
pdiller,,Diller,Phyllis,pdiller@gmail.com,163 Rockingham Ave,Brentwood,CA
hduff,,Duff,Howard,hduff@gmail.com,13211 Old Oak Lane,Brentwood,CA
neddy,,Eddy,Nelson,neddy@gmail.com,166 Ashdale Pl.,Brentwood,CA
hford,,Ford,Harrison,hford@gmail.com,655 McCulloch Dr.,Brentwood,CA
tfranciosa,,Franciosa,Tony,tfranciosa@gmail.com,567 Tigertail Rd.,Brentwood,CA
jgarner,,Garner,James,jgarner@gmail.com,33 Oakmont Dr.,Brentwood,CA
bgazzara,,Gazzara,Ben,bgazzara@gmail.com,661 Woodruff Ave,Brentwood,CA
egould,,Gould,Elliott,egould@gmail.com,12169 Greenock Lane,Brentwood,CA
lgreene,,Greene,Lorne,lgreene@gmail.com,2090 Mandeville Canyon Rd,Brentwood,CA
vheflin,,Heflin,Van,vheflin@gmail.com,166 Tigertail Rd,Brentwood,CA
mlandau,,Landau,Martin,mlandau@gmail.com,241 Barlock Ave.,Brentwood,CA
hlange,,Lange,Hope,hlange@gmail.com,270 N.Bentley Dr.,Brentwood,CA
alansbury,,Lansbury,Angela,alansbury@gmail.com,635 Bonhill Rd.,Brentwood,CA
klebrock,,LeBrock,Kelly,klebrock@gmail.com,2282 Mandeville Canyon Rd,Brentwood,CA
jlithgow,,Lithgow,John,jlithgow@gmail.com,1319 Warnall Ave.,Brentwood,CA
plorrie,,Lorrie,Peter,plorrie@gmail.com,1670 Mandeville Rd,Brentwood,CA
slong,,Long,Shelly,slong@gmail.com,15237 Sunset Blvd.,Brentwood,CA
kmalden,,Malden,Karl,kmalden@gmail.com,1845 Mandeville Canyon Rd,Brentwood,CA
smcqueen,,McQueen,Steve,smcqueen@gmail.com,27 Oakmont Dr.,Brentwood,CA
mmonroe,,Monroe,Marilyn,mmonroe@gmail.com,12305 Fifth Helena Dr,Brentwood,CA
eobrian,,O'Brian,Edmond,eobrian@gmail.com,675 Walther Way,Brentwood,CA
pobrian,,O'Brian,Pat,pobrian@gmail.com,196 S. Rockingham Ave,Brentwood,CA
doconnor,,O'Connor,Donald,doconnor@gmail.com,426 N. Bristol Ave,Brentwood,CA
cporter,,Porter,Cole,cporter@gmail.com,416 N.Rockingham Ave.,Brentwood,CA
tpower,,Power,Tyrone,tpower@gmail.com,407 Rockingham Ave,Brentwood,CA
hreddy,,Reddy,Helen,hreddy@gmail.com,12850 Marlboro St,Brentwood,CA
cromero,,Romero,Caesar,cromero@gmail.com,361 N.Saltair Ave,Brentwood,CA
sseagal,,Seagal,Steven,sseagal@gmail.com,2282 Mandeville Canyon Rd,Brentwood,CA
nsimpson,,Simpson,Nicole,nsimpson@gmail.com,875 N.Bundy Dr.,Brentwood,CA
osimpson,,Simpson,O.J,osimpson@gmail.com,360 N.Rockingham Ave,Brentwood,CA
rtaylor2,,Taylor,Robert,rtaylor2@gmail.com,3099 Mandelville Canyon Rd,Brentwood,CA
stemple,,Temple,Shirley,stemple@gmail.com,231 Rockingham Ave,Brentwood,CA
rwidmark,,Widmark,Richard,rwidmark@gmail.com,1727 Mandeville Canyon Rd,Brentwood,CA
jarness,,Arness,James.,jarness@gmail.com,830 Brooktree Dr,Pacific Palisades,CA
bbacharach,,Bacharach,Burt.,bbacharach@gmail.com,681 Amalfi Dr.,Pacific Palisades,CA
cchase,,Chase,Chevy,cchase@gmail.com,17492 Camino De Yatasto,Pacific Palisades,CA
bcosby,,Cosby,Bill,bcosby@gmail.com,1500 Sorrento Dr.,Pacific Palisades,CA
jcotton,,Cotton,Joseph,jcotton@gmail.com,17800 Tramonto Dr.,Pacific Palisades,CA
tcruise,,Cruise,Tom,tcruise@gmail.com,1525 Sorrento Drive,Pacific Palisades,CA
bcrystal,,Crystal,Billy,bcrystal@gmail.com,860 Chautauqua Blvd.,Pacific Palisades,CA
mdouglas,,Douglas,Michael,mdouglas@gmail.com,812/26 Napoli Dr.,Pacific Palisades,CA
dfairbanks,,Fairbanks,Douglas,dfairbanks@gmail.com,1515 Amalfi Rd,Pacific Palisades,CA
wgoldberg,,Goldberg,Whoopi,wgoldberg@gmail.com,146 N.Amalfi Dr,Pacific Palisades,CA
jgoodman,,Goodman,John,jgoodman@gmail.com,619 Amalfi dr.,Pacific Palisades,CA
sguttenberg,,Guttenberg,Steve,sguttenberg@gmail.com,1401 Calla Del Tonella,Pacific Palisades,CA
ahopkins,,Hopkins,Anthony,ahopkins@gmail.com,1331 Monument. ,Pacific Palisades,CA
mkeaton,,Keaton,Michael,mkeaton@gmail.com,826 Napoli Dr.,Pacific Palisades,CA
claughton,,Laughton,Charles,claughton@gmail.com,14950 Corona Del Mar,Pacific Palisades,CA
srleonard,,Leonard,Sugar Ray,srleonard@gmail.com,1550 Amalfi Dr,Pacific Palisades,CA
rliotta,,Liotta,Ray,rliotta@gmail.com,16829 Monte Hermoso Dr,Pacific Palisades,CA
dniven,,Niven,David,dniven@gmail.com,146 Amalfi Dr.,Pacific Palisades,CA
aschwarzenegger,,Schwarzenegger,Arnold,aschwarzenegger@gmail.com,14209/15 (Evans Rd) Sunset Blvd,Pacific Palisades,CA
mshort,,Short,Martin,mshort@gmail.com,15907 Alcima Ave,Pacific Palisades,CA
sspielberg,,Spielberg,Steven,sspielberg@gmail.com,1515 Amalfi Dr.,Pacific Palisades,CA
tullman,,Ullman,Tracy,tullman@gmail.com,13555 D'Este Dr.,Pacific Palisades,CA
layers,,Ayers,Lew.,layers@gmail.com,2355 Sunset Plaza Dr,Hollywood,CA
dayckroyd,,Ayckroyd,Dan.,dayckroyd@gmail.com,7708 Woodrow Wilson Dr,Hollywood,CA
dbarrymore,,Barrymore,Drew.,dbarrymore@gmail.com,360 Martel Ave,Hollywood,CA
abaxter,,Baxter,Anne.,abaxter@gmail.com,8650 Pinetree Pl,Hollywood,CA
jcassavettes,,Cassavettes,John,jcassavettes@gmail.com,7917 Woodrow Wilson Dr,Hollywood,CA
kcostner,,Costner,Kevin,kcostner@gmail.com,2809 Nichols Canyon,Hollywood Hills,CA
sdee,,Dee,Sandra,sdee@gmail.com,10051 Valley Spring Lane,Hollywood Hills,CA
pduke,,Duke,Patty,pduke@gmail.com,266 Denslow Ave.,Hollywood Hills,CA
mfairchild,,Fairchild,Morgan,mfairchild@gmail.com,3480 Blair Drive,Hollywood Hills,CA
jfarrantino,,Farrantino,James,jfarrantino@gmail.com,1014 N.Doheny Dr.,Hollywood Hills,CA
jgrey,,Grey,Joel,jgrey@gmail.com,7515 Clinton St,Hollywood,CA
khepburn,,Hepburn,Katharin,khepburn@gmail.com,1300 N.Harper Ave.,Hollywood,CA
bhope,,Hope,Bob,bhope@gmail.com,10346 Moorpark St,Hollywood,CA
hhoudini,,Houdini,Harry,hhoudini@gmail.com,2398 Laurel Canyon,Hollywood Hills,CA
bidol,,Idol,Billy,bidol@gmail.com,7267 Outpost Dr.,Hollywood Hills,CA
kkercheval,,Kercheval,Ken,kkercheval@gmail.com,1903 Outpost Dr.,Hollywood,CA
ekitt,,Kitt,Eartha,ekitt@gmail.com,1230 La Collina Dr,Hollywood Hills,CA
cladd,,Ladd,Cheryl,cladd@gmail.com,9051 Oriole Way,Hollywood,CA
liberace,,,Liberace,liberace@gmail.com,8433 Harold Way,Hollywood Hills,CA
rmacdowell,,MacDowell,Roddy,rmacdowell@gmail.com,4415 Placida Dr.,Hollywood,CA
jmathis,,Mathis,Johnny,jmathis@gmail.com,1469 Stebbins Terrace.,Hollywood Hills,CA
smineo,,Mineo,Sal,smineo@gmail.com,8563 Holloway Dr.,Hollywood,CA
lnielson,,Nielson,Leslie,lnielson@gmail.com,1622 View Mont Dr,Hollywood Hills,CA
lparkes,,Parkes,Larry,lparkes@gmail.com,1737 Nichols Canyon Rd,Hollywood Hills,CA
bparkins,,Parkins,Barbara,bparkins@gmail.com,1025 Swall Dr,Hollywood,CA
aperkins,,Perkins,Anthony,aperkins@gmail.com,2840 Seattle Dr.,Hollywood,CA
bpitt,,Pitt,Brad,bpitt@gmail.com,2705 Glen Dower Ave,Hollywood Hills,CA
vprice,,Price,Vincent,vprice@gmail.com,9255 Swallow Dr.,Hollywood,CA
jroberts,,Roberts,Julia,jroberts@gmail.com,6220 Del Vale Dr,Hollywood,CA
mryan,,Ryan,Meg,mryan@gmail.com,7966 Woodrow Wilson Dr,Hollywood Hills,CA
msedaka,,Sedaka,Neil,msedaka@gmail.com,8787 Shorham Dr.,Hollywood Hills,CA
jseinfeld,,Seinfeld,Jerry,jseinfeld@gmail.com,1222 N.Kings Rd.,Hollywood,CA
cslater,,Slater,Christian,cslater@gmail.com,8007 Highland Ave,Hollywood Hills,CA
tspelling,,Spelling,Tori,tspelling@gmail.com,1450 Belfast Dr.,Hollywood Hills,CA
sstone,,Stone,Sharon,sstone@gmail.com,7809 Torreyson Dr.,Hollywood Hills,CA
ltomlin,,Tomlin,Lily,ltomlin@gmail.com,2015 DeMille Dr,Hollywood Hills,CA
dwashington,,Washington,Denzel,dwashington@gmail.com,4701 Sancola Ave,Hollywood Hills,CA
jwebb,,Webb,Jack,jwebb@gmail.com,9255 Doheny Dr,Hollywood Hills,CA
owells,,Wells,Orson,owells@gmail.com,8545 Franklin Ave,Hollywood Hills,CA
bdwilliams,,Williams,Billy Dee,bdwilliams@gmail.com,2114 Beach Knoll Rd,Hollywood Hills,CA
hwinkler,,Winkler,Henry,hwinkler@gmail.com,4323 Forman Ave,Hollywood Hills,CA
lyoung,,Young,Lorretta,lyoung@gmail.com,1308 N.Flores St,Hollywood,CA
easner,,Asner,Ed.,easner@gmail.com,3556 Mould View Ave,Studio City,CA
gautry,,Autry,Gene.,gautry@gmail.com,10985 Bluffside Dr.,Studio City,CA
bbixby,,Bixby,Bill.,bbixby@gmail.com,10100 Galaxy Way,Century City,CA
cburnett,,Burnett,Carol,cburnett@gmail.com,10240 Century Woods Dr,Century City,CA
shayward,,Hayward,Susan,shayward@gmail.com,3801 Longridge Ave.,Studio City,CA
graft,,Raft,George,graft@gmail.com,2170 Century Park East,Century City,CA
wshatner,,Shatner,William,wshatner@gmail.com,3674 Berry Dr.,Studio City,CA
jbelushi,,Belushi,James.,jbelushi@gmail.com,12323 Helena Dr,Los Angeles,CA
hberry,,Berry,Hale.,hberry@gmail.com,1368 Doheny Pl.,Los Angeles,CA
vedwards,,Edwards,Vince,vedwards@gmail.com,1457 Miller Way,Los Angeles,CA
lgray,,Gray,Linda,lgray@gmail.com,4539 St.Charles Pl.,Los Angeles,CA
gwilder,,Wilder,Gene,gwilder@gmail.com,10930 Chalon Rd,Los Angeles,CA
nkingcole,,King Cole,Nat,nkingcole@gmail.com,401 S.Muirfield Rd,Hancock Park,CA
agarcia,,Garcia,Andy,agarcia@gmail.com,4323 Forman Ave.,Toluca Lake,CA
wconrad,,Conrad,William,wconrad@gmail.com,4031 Longridge Ave.,Sherman Oaks,CA
mdolenz,,Dolenz,Micky,mdolenz@gmail.com,15173 Encanto Dr.,Sherman Oaks,CA
rdreyfuss,,Dreyfuss,Richard,rdreyfuss@gmail.com,14820 Valley Vista Blvd,Sherman Oaks,CA
jgoldblum,,Goldblum,Jeff,jgoldblum@gmail.com,13205 Cheltenham Dr.,Sherman Oaks,CA
dhasselhoff,,Hasselhoff,David,dhasselhoff@gmail.com,4310 Sutton Place,Sherman Oaks,CA
thedrin,,Hedrin,Tippi,thedrin@gmail.com,4156 Knob Hill Dr,Sherman Oaks,CA
pswayze,,Swayze,Patrick,pswayze@gmail.com,14960 Dickens St.,Sherman Oaks,CA
jvoight,,Voight,Jon,jvoight@gmail.com,13340 Galewood Dr.,Sherman Oaks,CA
sallen,,Allen,Steve,sallen@gmail.com,16185 Woodvale Rd,Encino,CA
kalley,,Alley,Kirstie,kalley@gmail.com,4875 Louise Ave,Encino,CA
wbendix,,Bendix,William.,wbendix@gmail.com,5031 Encino Ave,Encino,CA
cgable,,Gable,Clark,cgable@gmail.com,4543 Tara Dr.,Encino,CA
rhoward,,Howard,Ron,rhoward@gmail.com,4535 Encino Ave.,Encino,CA
jfamilyhome,,Family Home,Jackson,jfamilyhome@gmail.com,4641 Hayvenhurst Ave,Encino,CA
sjackson,,Jackson,Samual L,sjackson@gmail.com,5128 Encino Ave,Encino,CA
ajolson,,Jolson,Al,ajolson@gmail.com,4875 Louise Ave.,Encino,CA
tpetty,,Petty,Tom,tpetty@gmail.com,4626 Encino Ave,Encino,CA
rpryer,,Pryer,Richard,rpryer@gmail.com,4524 Haven Hurst.,Encino,CA
cshephard,,Shephard,Cybil,cshephard@gmail.com,3930 Valley Meadow Rd,Encino,CA
jtravolta,,Travolta,John,jtravolta@gmail.com,4810 Woodley Ave,Encino,CA
jwayne,,Wayne,John,jwayne@gmail.com,4750 Louise Ave,Encino,CA
ezimbalist,,Zimbalist Jr,Efrem,ezimbalist@gmail.com,4751 Encino Ave,Encino,CA